variable,chi2,dof,p_value
condition,128.55035776458078,6,2.595449292823372e-25
gender,1.6663014763014758,3,0.6444515499488062
