x,y,spearman_rho,p_value,n
age,avg_ease,0.20602587982896686,0.3974344798284988,19
